transaction_id,student_id,book_id,borrow_date,due_date,return_date
1,62,54,2025-10-21,2025-11-04,2025-11-03
2,79,102,2025-10-21,2025-11-04,2025-11-05
3,19,179,2025-10-22,2025-11-05,2025-11-05
4,39,23,2025-10-22,2025-11-05,2025-11-04
5,3,176,2025-10-22,2025-11-05,2025-11-04
6,31,157,2025-10-22,2025-11-05,2025-11-05
7,24,192,2025-10-22,2025-11-05,2025-11-05
8,73,16,2025-10-22,2025-11-05,2025-11-04
9,35,279,2025-10-22,2025-11-05,2025-11-06
10,56,203,2025-10-23,2025-11-06,2025-11-06
11,47,167,2025-10-23,2025-11-06,2025-11-08
12,66,199,2025-10-23,2025-11-06,2025-11-06
13,63,276,2025-10-23,2025-11-06,2025-11-06
14,63,148,2025-10-23,2025-11-06,2025-11-17
15,24,162,2025-10-23,2025-11-06,2025-11-07
16,25,197,2025-10-23,2025-11-06,2025-11-20
17,67,248,2025-10-24,2025-11-07,2025-11-06
18,67,90,2025-10-24,2025-11-07,2025-11-24
19,52,95,2025-10-24,2025-11-07,2025-11-06
20,36,33,2025-10-24,2025-11-07,2025-11-25
21,59,59,2025-10-24,2025-11-07,2025-11-08
22,38,17,2025-10-24,2025-11-07,2025-11-08
23,54,44,2025-10-25,2025-11-08,2025-11-05
24,44,234,2025-10-25,2025-11-08,2025-11-06
25,63,271,2025-10-25,2025-11-08,2025-11-07
26,29,276,2025-10-25,2025-11-08,2025-11-06
27,22,235,2025-10-25,2025-11-08,2025-11-11
28,5,231,2025-10-25,2025-11-08,2025-11-09
29,61,50,2025-10-26,2025-11-09,2025-11-07
30,46,235,2025-10-26,2025-11-09,2025-11-11
31,2,249,2025-10-26,2025-11-09,2025-11-09
32,70,22,2025-10-26,2025-11-09,2025-11-12
33,1,110,2025-10-27,2025-11-10,2025-11-12
34,77,71,2025-10-27,2025-11-10,2025-11-07
35,63,213,2025-10-27,2025-11-10,2025-11-09
36,14,127,2025-10-27,2025-11-10,2025-12-08
37,58,164,2025-10-28,2025-11-11,2025-11-14
38,76,220,2025-10-28,2025-11-11,2025-11-14
39,80,28,2025-10-28,2025-11-11,2025-11-14
40,63,86,2025-10-28,2025-11-11,2025-11-14
41,70,112,2025-10-28,2025-11-11,2025-11-14
42,21,170,2025-10-29,2025-11-12,2025-11-14
43,55,237,2025-10-29,2025-11-12,2025-11-09
44,65,254,2025-10-29,2025-11-12,2025-11-14
45,15,294,2025-10-29,2025-11-12,2025-11-11
46,14,275,2025-10-30,2025-11-13,2025-11-12
47,51,59,2025-10-30,2025-11-13,2025-11-11
48,23,153,2025-10-30,2025-11-13,2025-11-15
49,76,44,2025-10-30,2025-11-13,2025-11-10
50,50,217,2025-10-30,2025-11-13,2025-11-13
51,64,282,2025-10-30,2025-11-13,2025-11-16
52,14,85,2025-10-31,2025-11-14,2025-11-15
53,41,199,2025-10-31,2025-11-14,2025-11-14
54,18,161,2025-10-31,2025-11-14,2025-11-14
55,23,285,2025-10-31,2025-11-14,2025-11-13
56,16,81,2025-11-01,2025-11-15,2025-11-16
57,28,245,2025-11-01,2025-11-15,2025-11-16
58,44,62,2025-11-01,2025-11-15,2025-11-12
59,79,85,2025-11-01,2025-11-15,2025-11-15
60,76,35,2025-11-01,2025-11-15,2025-11-13
61,34,111,2025-11-01,2025-11-15,2025-11-15
62,18,6,2025-11-01,2025-11-15,2025-11-15
63,13,236,2025-11-02,2025-11-16,2025-11-17
64,51,157,2025-11-02,2025-11-16,2025-11-17
65,8,204,2025-11-02,2025-11-16,2025-11-17
66,32,45,2025-11-02,2025-11-16,2025-11-13
67,2,126,2025-11-02,2025-11-16,2025-11-16
68,61,187,2025-11-02,2025-11-16,2025-11-17
69,48,85,2025-11-03,2025-11-17,2025-11-19
70,17,116,2025-11-03,2025-11-17,2025-11-16
71,68,289,2025-11-03,2025-11-17,2025-11-16
72,13,72,2025-11-03,2025-11-17,2025-11-19
73,40,41,2025-11-03,2025-11-17,2025-12-06
74,41,189,2025-11-04,2025-11-18,2025-11-17
75,73,249,2025-11-05,2025-11-19,2025-11-22
76,79,72,2025-11-06,2025-11-20,2025-11-18
77,64,178,2025-11-06,2025-11-20,2025-11-23
78,48,65,2025-11-06,2025-11-20,2025-11-22
79,76,180,2025-11-07,2025-11-21,2025-11-24
80,67,261,2025-11-07,2025-11-21,2025-11-18
81,51,152,2025-11-07,2025-11-21,2025-11-18
82,19,165,2025-11-08,2025-11-22,2025-11-23
83,64,37,2025-11-08,2025-11-22,2025-11-25
84,45,45,2025-11-09,2025-11-23,2025-11-22
85,17,68,2025-11-09,2025-11-23,2025-12-06
86,42,146,2025-11-09,2025-11-23,2025-11-23
87,11,128,2025-11-09,2025-11-23,2025-12-09
88,23,62,2025-11-10,2025-11-24,2025-11-22
89,38,149,2025-11-11,2025-11-25,2025-11-26
90,71,296,2025-11-11,2025-11-25,2025-11-26
91,69,144,2025-11-12,2025-11-26,2025-11-28
92,55,162,2025-11-12,2025-11-26,2025-11-28
93,70,89,2025-11-12,2025-11-26,2025-11-23
94,8,256,2025-11-12,2025-11-26,2025-11-28
95,21,131,2025-11-12,2025-11-26,2025-11-25
96,58,39,2025-11-13,2025-11-27,2025-11-26
97,28,220,2025-11-13,2025-11-27,2025-11-29
98,12,53,2025-11-13,2025-11-27,2025-11-24
99,18,74,2025-11-13,2025-11-27,2025-11-24
100,73,216,2025-11-13,2025-11-27,2025-11-29
101,20,92,2025-11-13,2025-11-27,2025-11-30
102,26,68,2025-11-14,2025-11-28,2025-11-27
103,16,122,2025-11-15,2025-11-29,2025-11-26
104,63,168,2025-11-15,2025-11-29,2025-12-01
105,59,1,2025-11-15,2025-11-29,2025-11-29
106,45,110,2025-11-15,2025-11-29,2025-12-01
107,79,29,2025-11-15,2025-11-29,2025-11-28
108,19,296,2025-11-16,2025-11-30,2025-12-01
109,10,118,2025-11-16,2025-11-30,2025-11-28
110,50,58,2025-11-16,2025-11-30,2025-11-30
111,59,262,2025-11-16,2025-11-30,2025-12-02
112,36,189,2025-11-17,2025-12-01,2025-12-18
113,57,5,2025-11-17,2025-12-01,2025-11-30
114,2,185,2025-11-17,2025-12-01,2025-12-01
115,37,257,2025-11-17,2025-12-01,2025-11-28
116,27,80,2025-11-17,2025-12-01,2025-11-30
117,67,133,2025-11-17,2025-12-01,2025-11-30
118,9,135,2025-11-17,2025-12-01,2025-12-02
119,77,146,2025-11-18,2025-12-02,2025-11-29
120,42,201,2025-11-18,2025-12-02,2025-12-02
121,35,264,2025-11-19,2025-12-03,2025-12-06
122,1,48,2025-11-19,2025-12-03,2025-12-04
123,9,159,2025-11-19,2025-12-03,2025-12-01
124,69,87,2025-11-20,2025-12-04,2025-12-04
125,57,112,2025-11-20,2025-12-04,2025-12-01
126,20,143,2025-11-20,2025-12-04,2025-12-05
127,35,213,2025-11-21,2025-12-05,2025-12-06
128,12,207,2025-11-21,2025-12-05,2025-12-07
129,47,129,2025-11-21,2025-12-05,2025-12-03
130,12,49,2025-11-21,2025-12-05,2025-12-05
131,20,211,2025-11-21,2025-12-05,2025-12-06
132,7,123,2025-11-21,2025-12-05,2025-12-06
133,69,276,2025-11-21,2025-12-05,2025-12-07
134,15,117,2025-11-22,2025-12-06,2025-12-07
135,52,43,2025-11-23,2025-12-07,2025-12-05
136,56,123,2025-11-23,2025-12-07,2025-12-06
137,74,40,2025-11-23,2025-12-07,2025-12-08
138,59,184,2025-11-24,2025-12-08,2025-12-08
139,30,220,2025-11-24,2025-12-08,2025-12-11
140,35,61,2025-11-24,2025-12-08,2025-12-09
141,66,2,2025-11-24,2025-12-08,2025-12-07
142,53,31,2025-11-25,2025-12-09,2025-12-10
143,16,197,2025-11-25,2025-12-09,2025-12-06
144,4,155,2025-11-25,2025-12-09,2025-12-12
145,61,38,2025-11-25,2025-12-09,2025-12-11
146,54,217,2025-11-25,2025-12-09,2025-12-29
147,4,172,2025-11-25,2025-12-09,2025-12-09
148,14,294,2025-11-25,2025-12-09,2025-12-08
149,27,106,2025-11-26,2025-12-10,2025-12-13
150,8,292,2025-11-26,2025-12-10,2025-12-12
151,44,25,2025-11-26,2025-12-10,2025-12-13
152,18,127,2025-11-26,2025-12-10,2025-12-08
153,55,140,2025-11-26,2025-12-10,2025-12-13
154,32,202,2025-11-27,2025-12-11,2025-12-12
155,28,254,2025-11-27,2025-12-11,2025-12-12
156,79,220,2025-11-28,2025-12-12,2025-12-13
157,9,274,2025-11-28,2025-12-12,2025-12-14
158,36,48,2025-11-28,2025-12-12,2025-12-24
159,55,68,2025-11-28,2025-12-12,2025-12-12
160,73,86,2025-11-28,2025-12-12,2025-12-15
161,13,70,2025-11-29,2025-12-13,2025-12-15
162,39,82,2025-11-29,2025-12-13,2025-12-11
163,39,71,2025-11-29,2025-12-13,2025-12-13
164,41,68,2025-11-30,2025-12-14,2025-12-12
165,56,60,2025-11-30,2025-12-14,2025-12-11
166,48,103,2025-12-01,2025-12-15,2025-12-12
167,53,13,2025-12-01,2025-12-15,2025-12-15
168,49,158,2025-12-01,2025-12-15,2025-12-17
169,8,114,2025-12-01,2025-12-15,2025-12-18
170,9,102,2025-12-01,2025-12-15,2025-12-13
171,49,219,2025-12-01,2025-12-15,2025-12-15
172,68,245,2025-12-01,2025-12-15,2025-12-15
173,43,104,2025-12-01,2025-12-15,2025-12-18
174,30,267,2025-12-02,2025-12-16,2025-12-14
175,60,26,2025-12-02,2025-12-16,2025-12-19
176,79,126,2025-12-02,2025-12-16,2026-01-07
177,12,144,2025-12-02,2025-12-16,2025-12-16
178,30,113,2025-12-02,2025-12-16,2025-12-18
179,3,76,2025-12-02,2025-12-16,2025-12-17
180,71,234,2025-12-03,2025-12-17,2025-12-19
181,32,183,2025-12-03,2025-12-17,2025-12-18
182,43,63,2025-12-03,2025-12-17,2025-12-17
183,27,272,2025-12-04,2025-12-18,2025-12-15
184,65,69,2025-12-04,2025-12-18,2025-12-16
185,60,53,2025-12-04,2025-12-18,2025-12-18
186,75,56,2025-12-05,2025-12-19,2025-12-16
187,14,85,2025-12-05,2025-12-19,2025-12-20
188,26,206,2025-12-05,2025-12-19,2025-12-16
189,21,224,2025-12-05,2025-12-19,2025-12-19
190,23,1,2025-12-05,2025-12-19,2025-12-18
191,39,21,2025-12-06,2025-12-20,2025-12-19
192,74,222,2025-12-06,2025-12-20,2025-12-20
193,46,110,2025-12-06,2025-12-20,2025-12-17
194,4,164,2025-12-06,2025-12-20,2025-12-18
195,13,127,2025-12-06,2025-12-20,2025-12-22
196,72,183,2025-12-06,2025-12-20,2025-12-22
197,78,163,2025-12-06,2025-12-20,2025-12-18
198,53,253,2025-12-06,2025-12-20,2025-12-22
199,10,281,2025-12-06,2025-12-20,2025-12-20
200,42,76,2025-12-07,2025-12-21,2025-12-21
201,68,128,2025-12-07,2025-12-21,2026-01-14
202,32,35,2025-12-07,2025-12-21,2025-12-23
203,67,24,2025-12-08,2025-12-22,2025-12-22
204,70,178,2025-12-08,2025-12-22,2025-12-21
205,54,252,2025-12-08,2025-12-22,2025-12-24
206,10,104,2025-12-08,2025-12-22,2025-12-24
207,76,163,2025-12-08,2025-12-22,2025-12-19
208,76,90,2025-12-08,2025-12-22,2025-12-22
209,58,77,2025-12-09,2025-12-23,2025-12-20
210,14,38,2025-12-09,2025-12-23,2025-12-23
211,73,156,2025-12-10,2025-12-24,2025-12-25
212,34,162,2025-12-10,2025-12-24,2025-12-22
213,60,136,2025-12-10,2025-12-24,2025-12-24
214,3,164,2025-12-10,2025-12-24,2026-01-08
215,32,214,2025-12-11,2025-12-25,2025-12-26
216,58,140,2025-12-11,2025-12-25,2025-12-28
217,50,139,2025-12-11,2025-12-25,2025-12-28
218,39,166,2025-12-11,2025-12-25,2025-12-28
219,10,122,2025-12-11,2025-12-25,2025-12-25
220,22,193,2025-12-11,2025-12-25,2025-12-27
221,16,258,2025-12-12,2025-12-26,2025-12-26
222,27,232,2025-12-12,2025-12-26,2025-12-24
223,11,299,2025-12-12,2025-12-26,2025-12-24
224,75,120,2025-12-12,2025-12-26,2025-12-23
225,41,86,2025-12-12,2025-12-26,2025-12-25
226,33,56,2025-12-12,2025-12-26,2026-01-20
227,66,26,2025-12-13,2025-12-27,2025-12-28
228,18,215,2025-12-13,2025-12-27,2025-12-28
229,46,246,2025-12-13,2025-12-27,2025-12-25
230,40,151,2025-12-13,2025-12-27,2025-12-29
231,57,215,2025-12-13,2025-12-27,2025-12-27
232,48,235,2025-12-14,2025-12-28,2025-12-29
233,17,122,2025-12-14,2025-12-28,2025-12-26
234,16,275,2025-12-14,2025-12-28,2025-12-27
235,71,246,2025-12-14,2025-12-28,2025-12-29
236,48,253,2025-12-15,2025-12-29,2025-12-27
237,60,161,2025-12-15,2025-12-29,2026-01-12
238,2,136,2025-12-15,2025-12-29,2025-12-28
239,10,18,2025-12-15,2025-12-29,2026-01-09
240,5,47,2025-12-16,2025-12-30,2026-01-02
241,71,128,2025-12-18,2026-01-01,2025-12-31
242,63,177,2025-12-18,2026-01-01,2025-12-29
243,8,113,2025-12-18,2026-01-01,2025-12-30
244,40,90,2025-12-18,2026-01-01,2025-12-31
245,49,52,2025-12-18,2026-01-01,2026-01-03
246,73,32,2025-12-19,2026-01-02,2026-01-03
247,34,39,2025-12-19,2026-01-02,2025-12-31
248,50,182,2025-12-19,2026-01-02,2026-01-04
249,19,289,2025-12-19,2026-01-02,2025-12-30
250,19,57,2025-12-19,2026-01-02,2026-01-01
251,29,16,2025-12-20,2026-01-03,2026-01-03
252,79,248,2025-12-20,2026-01-03,2026-01-06
253,2,172,2025-12-21,2026-01-04,2026-01-05
254,51,39,2025-12-21,2026-01-04,2026-01-04
255,38,256,2025-12-21,2026-01-04,2026-01-06
256,70,10,2025-12-21,2026-01-04,2026-01-03
257,73,54,2025-12-21,2026-01-04,2026-01-05
258,12,172,2025-12-21,2026-01-04,2026-01-02
259,29,84,2025-12-21,2026-01-04,2026-01-01
260,7,92,2025-12-22,2026-01-05,2026-01-07
261,39,134,2025-12-22,2026-01-05,2026-01-02
262,31,137,2025-12-22,2026-01-05,2026-01-07
263,36,48,2025-12-23,2026-01-06,2026-01-09
264,46,291,2025-12-23,2026-01-06,2026-01-05
265,23,166,2025-12-23,2026-01-06,2026-01-09
266,51,52,2025-12-23,2026-01-06,2026-01-07
267,4,221,2025-12-23,2026-01-06,2026-01-07
268,80,125,2025-12-24,2026-01-07,2026-01-05
269,11,298,2025-12-24,2026-01-07,2026-01-07
270,1,25,2025-12-24,2026-01-07,2026-01-09
271,40,168,2025-12-25,2026-01-08,2026-01-11
272,26,280,2025-12-25,2026-01-08,2026-01-09
273,32,78,2025-12-25,2026-01-08,2026-01-07
274,54,115,2025-12-26,2026-01-09,2026-01-06
275,18,63,2025-12-26,2026-01-09,2026-01-09
276,61,272,2025-12-26,2026-01-09,2026-01-06
277,46,15,2025-12-26,2026-01-09,2026-01-07
278,17,175,2025-12-26,2026-01-09,2026-01-09
279,63,163,2025-12-26,2026-01-09,2026-01-08
280,10,293,2025-12-27,2026-01-10,2026-01-13
281,23,16,2025-12-27,2026-01-10,2026-01-07
282,51,255,2025-12-27,2026-01-10,2026-01-12
283,62,296,2025-12-27,2026-01-10,2026-01-13
284,16,47,2025-12-28,2026-01-11,2026-01-10
285,68,187,2025-12-28,2026-01-11,2026-01-10
286,73,17,2025-12-28,2026-01-11,2026-01-08
287,60,145,2025-12-29,2026-01-12,2026-01-11
288,57,66,2025-12-29,2026-01-12,2026-01-13
289,36,30,2025-12-29,2026-01-12,2026-01-09
290,49,180,2025-12-29,2026-01-12,2026-01-10
291,5,284,2025-12-30,2026-01-13,2026-01-12
292,41,139,2025-12-30,2026-01-13,2026-01-13
293,51,168,2025-12-30,2026-01-13,2026-01-16
294,24,141,2025-12-30,2026-01-13,2026-01-27
295,73,258,2025-12-30,2026-01-13,2026-01-15
296,23,91,2025-12-30,2026-01-13,2026-01-16
297,79,114,2025-12-30,2026-01-13,2026-01-12
298,64,73,2025-12-30,2026-01-13,2026-01-16
299,52,36,2025-12-31,2026-01-14,2026-01-16
300,8,73,2025-12-31,2026-01-14,2026-01-15
301,52,232,2025-12-31,2026-01-14,2026-01-16
302,25,253,2025-12-31,2026-01-14,2026-01-15
303,10,192,2025-12-31,2026-01-14,2026-01-12
304,74,201,2025-12-31,2026-01-14,2026-01-13
305,12,174,2025-12-31,2026-01-14,2026-01-17
306,23,99,2026-01-01,2026-01-15,2026-01-13
307,2,243,2026-01-01,2026-01-15,2026-01-12
308,1,128,2026-01-01,2026-01-15,2026-01-15
309,47,2,2026-01-02,2026-01-16,2026-01-19
310,34,226,2026-01-02,2026-01-16,2026-01-17
311,20,50,2026-01-02,2026-01-16,2026-01-17
312,55,41,2026-01-02,2026-01-16,2026-01-19
313,51,170,2026-01-02,2026-01-16,2026-01-18
314,47,102,2026-01-02,2026-01-16,2026-01-18
315,21,293,2026-01-02,2026-01-16,2026-02-08
316,75,298,2026-01-02,2026-01-16,2026-01-14
317,61,60,2026-01-03,2026-01-17,2026-01-20
318,45,278,2026-01-03,2026-01-17,2026-01-15
319,44,142,2026-01-03,2026-01-17,2026-01-15
320,58,89,2026-01-04,2026-01-18,2026-01-21
321,49,272,2026-01-04,2026-01-18,2026-02-03
322,80,206,2026-01-05,2026-01-19,2026-01-19
323,68,292,2026-01-05,2026-01-19,2026-01-22
324,67,124,2026-01-05,2026-01-19,2026-01-20
325,34,287,2026-01-05,2026-01-19,2026-01-18
326,14,197,2026-01-05,2026-01-19,2026-01-21
327,7,52,2026-01-06,2026-01-20,2026-01-19
328,48,196,2026-01-06,2026-01-20,2026-01-18
329,36,207,2026-01-06,2026-01-20,2026-01-17
330,61,283,2026-01-06,2026-01-20,2026-01-21
331,9,24,2026-01-06,2026-01-20,2026-01-18
332,13,14,2026-01-07,2026-01-21,2026-01-18
333,22,150,2026-01-07,2026-01-21,2026-01-23
334,57,109,2026-01-07,2026-01-21,2026-01-18
335,44,210,2026-01-07,2026-01-21,2026-02-01
336,13,26,2026-01-08,2026-01-22,2026-01-23
337,5,234,2026-01-08,2026-01-22,2026-01-21
338,45,160,2026-01-08,2026-01-22,2026-01-19
339,37,153,2026-01-09,2026-01-23,2026-01-26
340,63,51,2026-01-09,2026-01-23,2026-01-22
341,54,46,2026-01-09,2026-01-23,2026-02-11
342,48,238,2026-01-09,2026-01-23,2026-01-21
343,53,263,2026-01-09,2026-01-23,2026-01-21
344,78,157,2026-01-09,2026-01-23,2026-01-24
345,39,97,2026-01-09,2026-01-23,2026-01-23
346,75,151,2026-01-09,2026-01-23,2026-01-22
347,51,242,2026-01-10,2026-01-24,2026-01-23
348,11,203,2026-01-10,2026-01-24,2026-01-25
349,57,165,2026-01-10,2026-01-24,2026-01-21
350,65,207,2026-01-10,2026-01-24,2026-01-23
351,4,198,2026-01-10,2026-01-24,2026-01-23
352,14,247,2026-01-10,2026-01-24,2026-01-26
353,34,215,2026-01-10,2026-01-24,2026-01-25
354,13,242,2026-01-10,2026-01-24,2026-01-21
355,53,28,2026-01-10,2026-01-24,2026-01-23
356,38,234,2026-01-10,2026-01-24,2026-01-21
357,27,98,2026-01-11,2026-01-25,2026-01-25
358,9,45,2026-01-11,2026-01-25,2026-01-22
359,39,160,2026-01-11,2026-01-25,2026-01-22
360,29,274,2026-01-11,2026-01-25,2026-01-25
361,24,42,2026-01-11,2026-01-25,2026-01-26
362,8,3,2026-01-11,2026-01-25,2026-01-27
363,24,229,2026-01-12,2026-01-26,2026-01-28
364,63,229,2026-01-12,2026-01-26,2026-01-25
365,45,84,2026-01-12,2026-01-26,2026-01-29
366,29,158,2026-01-12,2026-01-26,2026-01-29
367,74,282,2026-01-13,2026-01-27,2026-01-28
368,72,204,2026-01-13,2026-01-27,2026-01-30
369,63,293,2026-01-13,2026-01-27,2026-01-28
370,50,19,2026-01-13,2026-01-27,2026-01-30
371,55,245,2026-01-13,2026-01-27,2026-01-29
372,1,20,2026-01-13,2026-01-27,2026-01-27
373,71,277,2026-01-14,2026-01-28,2026-01-30
374,12,151,2026-01-14,2026-01-28,2026-01-28
375,76,117,2026-01-14,2026-01-28,2026-01-26
376,20,76,2026-01-14,2026-01-28,2026-01-29
377,43,191,2026-01-14,2026-01-28,2026-01-27
378,34,116,2026-01-15,2026-01-29,2026-01-31
379,33,112,2026-01-15,2026-01-29,2026-01-28
380,39,267,2026-01-15,2026-01-29,2026-01-28
381,16,241,2026-01-15,2026-01-29,2026-01-26
382,36,108,2026-01-15,2026-01-29,2026-01-26
383,34,47,2026-01-16,2026-01-30,2026-01-30
384,25,257,2026-01-16,2026-01-30,2026-01-29
385,43,91,2026-01-16,2026-01-30,2026-01-31
386,59,7,2026-01-17,2026-01-31,2026-02-01
387,51,64,2026-01-17,2026-01-31,2026-02-03
388,48,288,2026-01-17,2026-01-31,2026-01-28
389,39,88,2026-01-17,2026-01-31,2026-02-02
390,76,157,2026-01-17,2026-01-31,2026-01-30
391,8,199,2026-01-18,2026-02-01,2026-02-01
392,42,142,2026-01-18,2026-02-01,2026-01-30
393,26,192,2026-01-18,2026-02-01,2026-02-02
394,31,244,2026-01-19,2026-02-02,2026-02-02
395,67,293,2026-01-19,2026-02-02,2026-02-01
396,76,299,2026-01-19,2026-02-02,2026-02-04
397,13,147,2026-01-19,2026-02-02,2026-02-05
398,14,4,2026-01-19,2026-02-02,2026-02-03
399,74,98,2026-01-19,2026-02-02,2026-02-03
400,59,74,2026-01-19,2026-02-02,2026-01-31
401,61,20,2026-01-20,2026-02-03,2026-01-31
402,2,115,2026-01-20,2026-02-03,2026-02-05
403,56,220,2026-01-20,2026-02-03,2026-02-03
404,70,199,2026-01-21,2026-02-04,2026-02-05
405,29,106,2026-01-21,2026-02-04,2026-02-05
406,77,145,2026-01-21,2026-02-04,2026-02-04
407,42,142,2026-01-21,2026-02-04,2026-02-04
408,61,184,2026-01-21,2026-02-04,2026-02-01
409,12,114,2026-01-21,2026-02-04,2026-02-05
410,80,76,2026-01-22,2026-02-05,2026-02-05
411,56,104,2026-01-22,2026-02-05,2026-02-07
412,4,124,2026-01-22,2026-02-05,2026-02-02
413,41,72,2026-01-22,2026-02-05,2026-02-03
414,31,26,2026-01-23,2026-02-06,2026-02-09
415,36,217,2026-01-23,2026-02-06,2026-02-03
416,61,138,2026-01-24,2026-02-07,2026-02-09
417,4,255,2026-01-24,2026-02-07,2026-02-08
418,67,269,2026-01-24,2026-02-07,2026-02-08
419,13,55,2026-01-25,2026-02-08,2026-02-06
420,67,192,2026-01-25,2026-02-08,2026-02-07
421,28,114,2026-01-25,2026-02-08,2026-02-11
422,24,172,2026-01-25,2026-02-08,2026-02-07
423,22,296,2026-01-25,2026-02-08,2026-02-08
424,21,251,2026-01-25,2026-02-08,2026-02-07
425,68,98,2026-01-25,2026-02-08,2026-02-09
426,25,65,2026-01-26,2026-02-09,2026-03-07
427,80,268,2026-01-26,2026-02-09,2026-02-07
428,54,58,2026-01-26,2026-02-09,2026-02-06
429,21,34,2026-01-26,2026-02-09,2026-02-10
430,12,67,2026-01-26,2026-02-09,2026-02-06
431,63,79,2026-01-27,2026-02-10,2026-02-13
432,77,246,2026-01-27,2026-02-10,2026-02-07
433,35,289,2026-01-27,2026-02-10,2026-02-13
434,67,215,2026-01-27,2026-02-10,2026-03-05
435,19,133,2026-01-27,2026-02-10,2026-02-10
436,8,264,2026-01-27,2026-02-10,2026-02-12
437,34,47,2026-01-27,2026-02-10,2026-02-10
438,80,204,2026-01-27,2026-02-10,2026-02-08
439,72,93,2026-01-27,2026-02-10,2026-02-10
440,69,177,2026-01-28,2026-02-11,2026-02-12
441,30,69,2026-01-28,2026-02-11,2026-02-10
442,20,71,2026-01-28,2026-02-11,2026-02-09
443,5,258,2026-01-29,2026-02-12,2026-02-15
444,53,136,2026-01-29,2026-02-12,2026-02-10
445,48,11,2026-01-29,2026-02-12,2026-03-14
446,26,30,2026-01-29,2026-02-12,2026-03-09
447,49,179,2026-01-29,2026-02-12,2026-02-10
448,8,207,2026-01-29,2026-02-12,2026-02-14
449,53,249,2026-01-30,2026-02-13,2026-02-16
450,17,89,2026-01-30,2026-02-13,2026-02-16
451,22,223,2026-01-31,2026-02-14,2026-02-14
452,69,244,2026-01-31,2026-02-14,2026-02-14
453,22,109,2026-01-31,2026-02-14,2026-02-15
454,80,37,2026-01-31,2026-02-14,2026-02-14
455,2,165,2026-01-31,2026-02-14,2026-02-12
456,21,259,2026-02-01,2026-02-15,2026-02-12
457,44,182,2026-02-01,2026-02-15,2026-02-18
458,67,192,2026-02-01,2026-02-15,2026-02-17
459,9,108,2026-02-01,2026-02-15,2026-02-15
460,15,214,2026-02-02,2026-02-16,2026-02-17
461,13,90,2026-02-02,2026-02-16,2026-02-13
462,65,115,2026-02-02,2026-02-16,2026-02-18
463,22,253,2026-02-02,2026-02-16,2026-02-17
464,20,166,2026-02-02,2026-02-16,2026-02-18
465,42,196,2026-02-02,2026-02-16,2026-02-18
466,13,132,2026-02-03,2026-02-17,2026-02-20
467,10,28,2026-02-03,2026-02-17,2026-02-20
468,74,117,2026-02-03,2026-02-17,2026-02-18
469,52,205,2026-02-04,2026-02-18,2026-02-19
470,54,248,2026-02-04,2026-02-18,2026-02-18
471,13,114,2026-02-04,2026-02-18,2026-02-20
472,49,21,2026-02-04,2026-02-18,2026-02-15
473,45,229,2026-02-04,2026-02-18,2026-02-19
474,12,262,2026-02-05,2026-02-19,2026-02-18
475,8,82,2026-02-05,2026-02-19,2026-02-18
476,53,55,2026-02-05,2026-02-19,2026-02-16
477,64,3,2026-02-05,2026-02-19,2026-02-20
478,16,188,2026-02-06,2026-02-20,2026-02-21
479,79,195,2026-02-06,2026-02-20,2026-02-20
480,17,54,2026-02-06,2026-02-20,2026-02-23
481,23,264,2026-02-06,2026-02-20,2026-02-18
482,54,279,2026-02-06,2026-02-20,2026-03-21
483,69,274,2026-02-06,2026-02-20,2026-02-22
484,33,286,2026-02-06,2026-02-20,2026-02-19
485,3,259,2026-02-07,2026-02-21,2026-02-21
486,46,210,2026-02-07,2026-02-21,2026-02-22
487,16,202,2026-02-07,2026-02-21,2026-02-20
488,59,98,2026-02-07,2026-02-21,2026-02-22
489,27,149,2026-02-07,2026-02-21,2026-03-18
490,70,17,2026-02-07,2026-02-21,2026-02-22
491,29,68,2026-02-08,2026-02-22,2026-02-25
492,1,7,2026-02-08,2026-02-22,2026-02-20
493,43,143,2026-02-08,2026-02-22,2026-02-21
494,66,148,2026-02-08,2026-02-22,2026-02-19
495,79,125,2026-02-08,2026-02-22,2026-02-23
496,80,71,2026-02-09,2026-02-23,2026-02-24
497,41,7,2026-02-09,2026-02-23,2026-02-25
498,79,101,2026-02-09,2026-02-23,2026-02-26
499,21,147,2026-02-09,2026-02-23,2026-02-26
500,17,83,2026-02-09,2026-02-23,2026-02-23
501,70,145,2026-02-09,2026-02-23,2026-02-24
502,53,199,2026-02-09,2026-02-23,2026-02-22
503,15,55,2026-02-10,2026-02-24,2026-02-22
504,21,21,2026-02-10,2026-02-24,2026-02-27
505,34,238,2026-02-10,2026-02-24,2026-02-24
506,71,161,2026-02-10,2026-02-24,2026-02-24
507,55,7,2026-02-10,2026-02-24,2026-02-22
508,56,69,2026-02-11,2026-02-25,2026-02-27
509,63,184,2026-02-11,2026-02-25,2026-02-23
510,46,225,2026-02-11,2026-02-25,2026-02-28
511,60,80,2026-02-11,2026-02-25,2026-02-27
512,41,219,2026-02-12,2026-02-26,2026-03-01
513,44,94,2026-02-12,2026-02-26,2026-02-24
514,50,77,2026-02-12,2026-02-26,2026-02-26
515,7,115,2026-02-12,2026-02-26,2026-02-28
516,58,53,2026-02-12,2026-02-26,2026-02-27
517,10,163,2026-02-12,2026-02-26,2026-02-28
518,29,110,2026-02-12,2026-02-26,2026-02-26
519,38,112,2026-02-12,2026-02-26,2026-02-27
520,53,19,2026-02-13,2026-02-27,2026-02-24
521,77,165,2026-02-13,2026-02-27,2026-03-02
522,44,151,2026-02-13,2026-02-27,2026-03-01
523,19,28,2026-02-13,2026-02-27,2026-02-28
524,54,161,2026-02-13,2026-02-27,2026-02-24
525,13,267,2026-02-14,2026-02-28,2026-03-01
526,14,262,2026-02-14,2026-02-28,2026-03-03
527,32,247,2026-02-14,2026-02-28,2026-03-02
528,75,248,2026-02-14,2026-02-28,2026-02-27
529,78,263,2026-02-14,2026-02-28,2026-03-03
530,36,285,2026-02-14,2026-02-28,2026-03-02
531,49,64,2026-02-15,2026-03-01,2026-03-01
532,35,198,2026-02-15,2026-03-01,2026-03-03
533,6,33,2026-02-15,2026-03-01,2026-03-03
534,57,294,2026-02-15,2026-03-01,2026-02-27
535,12,256,2026-02-15,2026-03-01,2026-03-03
536,41,61,2026-02-15,2026-03-01,2026-02-27
537,18,71,2026-02-15,2026-03-01,2026-02-26
538,23,39,2026-02-15,2026-03-01,2026-03-04
539,43,20,2026-02-15,2026-03-01,2026-03-01
540,52,222,2026-02-15,2026-03-01,2026-02-26
541,26,103,2026-02-16,2026-03-02,2026-03-01
542,15,211,2026-02-16,2026-03-02,2026-03-01
543,3,53,2026-02-16,2026-03-02,2026-02-27
544,75,293,2026-02-16,2026-03-02,2026-03-14
545,74,282,2026-02-16,2026-03-02,2026-03-03
546,72,5,2026-02-16,2026-03-02,2026-03-05
547,6,152,2026-02-16,2026-03-02,2026-03-03
548,80,49,2026-02-17,2026-03-03,2026-03-05
549,72,106,2026-02-17,2026-03-03,2026-02-28
550,48,55,2026-02-17,2026-03-03,2026-03-01
551,7,284,2026-02-17,2026-03-03,2026-03-06
552,23,297,2026-02-17,2026-03-03,2026-03-04
553,50,215,2026-02-17,2026-03-03,2026-03-01
554,14,13,2026-02-17,2026-03-03,2026-03-05
555,29,95,2026-02-17,2026-03-03,2026-03-02
556,9,259,2026-02-17,2026-03-03,2026-02-28
557,66,229,2026-02-17,2026-03-03,2026-03-02
558,11,50,2026-02-17,2026-03-03,2026-03-05
559,33,243,2026-02-18,2026-03-04,2026-03-07
560,64,107,2026-02-18,2026-03-04,2026-03-03
561,49,207,2026-02-18,2026-03-04,2026-03-01
562,71,1,2026-02-18,2026-03-04,2026-03-01
563,80,243,2026-02-18,2026-03-04,2026-03-03
564,42,60,2026-02-18,2026-03-04,2026-03-03
565,7,7,2026-02-18,2026-03-04,2026-03-03
566,52,48,2026-02-18,2026-03-04,2026-03-01
567,56,37,2026-02-18,2026-03-04,2026-03-02
568,33,3,2026-02-19,2026-03-05,2026-03-03
569,7,25,2026-02-20,2026-03-06,2026-03-03
570,35,48,2026-02-20,2026-03-06,2026-03-09
571,32,141,2026-02-20,2026-03-06,2026-03-07
572,72,115,2026-02-20,2026-03-06,2026-03-06
573,57,116,2026-02-20,2026-03-06,2026-03-03
574,7,155,2026-02-20,2026-03-06,2026-03-18
575,33,274,2026-02-21,2026-03-07,2026-03-06
576,30,234,2026-02-21,2026-03-07,2026-03-04
577,22,58,2026-02-21,2026-03-07,2026-03-05
578,59,175,2026-02-21,2026-03-07,2026-03-04
579,76,64,2026-02-21,2026-03-07,2026-03-09
580,48,280,2026-02-21,2026-03-07,2026-03-05
581,25,165,2026-02-21,2026-03-07,2026-03-07
582,14,11,2026-02-22,2026-03-08,2026-03-09
583,12,57,2026-02-22,2026-03-08,2026-03-11
584,44,266,2026-02-22,2026-03-08,2026-03-08
585,76,259,2026-02-22,2026-03-08,2026-03-10
586,45,68,2026-02-22,2026-03-08,2026-03-11
587,54,274,2026-02-22,2026-03-08,2026-03-06
588,8,103,2026-02-22,2026-03-08,2026-04-02
589,33,75,2026-02-22,2026-03-08,2026-03-09
590,43,170,2026-02-22,2026-03-08,2026-03-07
591,28,218,2026-02-22,2026-03-08,2026-03-07
592,5,193,2026-02-23,2026-03-09,2026-03-11
593,20,106,2026-02-23,2026-03-09,2026-03-11
594,2,155,2026-02-23,2026-03-09,2026-03-10
595,62,170,2026-02-23,2026-03-09,2026-03-08
596,62,216,2026-02-23,2026-03-09,2026-03-09
597,68,296,2026-02-23,2026-03-09,2026-03-08
598,47,232,2026-02-23,2026-03-09,2026-03-07
599,44,56,2026-02-23,2026-03-09,2026-03-09
600,71,112,2026-02-23,2026-03-09,2026-03-08
601,23,258,2026-02-23,2026-03-09,2026-03-06
602,7,196,2026-02-23,2026-03-09,2026-03-08
603,80,61,2026-02-24,2026-03-10,2026-03-12
604,15,49,2026-02-24,2026-03-10,2026-03-08
605,73,115,2026-02-24,2026-03-10,2026-03-08
606,72,200,2026-02-24,2026-03-10,2026-04-07
607,33,104,2026-02-24,2026-03-10,2026-03-10
608,78,101,2026-02-24,2026-03-10,2026-03-11
609,20,13,2026-02-24,2026-03-10,2026-03-10
610,25,85,2026-02-25,2026-03-11,2026-03-14
611,34,268,2026-02-25,2026-03-11,2026-03-08
612,46,15,2026-02-25,2026-03-11,2026-03-22
613,63,165,2026-02-25,2026-03-11,2026-03-13
614,54,24,2026-02-25,2026-03-11,2026-03-24
615,58,235,2026-02-25,2026-03-11,2026-03-13
616,46,288,2026-02-25,2026-03-11,2026-03-11
617,25,151,2026-02-25,2026-03-11,2026-03-14
618,80,272,2026-02-25,2026-03-11,2026-03-09
619,52,10,2026-02-26,2026-03-12,2026-03-10
620,73,225,2026-02-26,2026-03-12,2026-03-09
621,15,198,2026-02-26,2026-03-12,2026-03-12
622,74,253,2026-02-27,2026-03-13,2026-03-13
623,72,28,2026-02-27,2026-03-13,2026-03-14
624,31,41,2026-02-27,2026-03-13,2026-04-12
625,12,156,2026-02-27,2026-03-13,2026-03-11
626,38,281,2026-02-27,2026-03-13,2026-03-12
627,8,152,2026-02-27,2026-03-13,2026-03-10
628,14,106,2026-02-27,2026-03-13,2026-03-11
629,6,149,2026-02-28,2026-03-14,2026-03-11
630,6,5,2026-02-28,2026-03-14,2026-03-11
631,18,88,2026-02-28,2026-03-14,2026-03-15
632,17,248,2026-02-28,2026-03-14,2026-03-12
633,61,254,2026-02-28,2026-03-14,2026-03-12
634,22,39,2026-02-28,2026-03-14,2026-03-17
635,59,170,2026-02-28,2026-03-14,2026-03-16
636,80,33,2026-03-01,2026-03-15,2026-03-14
637,1,296,2026-03-01,2026-03-15,2026-03-17
638,49,106,2026-03-01,2026-03-15,2026-03-13
639,9,47,2026-03-01,2026-03-15,2026-03-18
640,34,90,2026-03-01,2026-03-15,2026-03-12
641,29,250,2026-03-02,2026-03-16,2026-03-15
642,42,53,2026-03-02,2026-03-16,2026-03-15
643,22,133,2026-03-02,2026-03-16,2026-03-16
644,68,217,2026-03-02,2026-03-16,2026-03-15
645,9,135,2026-03-03,2026-03-17,2026-03-17
646,36,205,2026-03-03,2026-03-17,2026-03-18
647,49,113,2026-03-03,2026-03-17,2026-03-30
648,6,3,2026-03-04,2026-03-18,2026-03-20
649,26,298,2026-03-04,2026-03-18,2026-03-21
650,67,236,2026-03-04,2026-03-18,2026-03-18
651,51,280,2026-03-05,2026-03-19,2026-03-16
652,21,95,2026-03-05,2026-03-19,2026-03-16
653,31,52,2026-03-05,2026-03-19,2026-03-20
654,73,291,2026-03-05,2026-03-19,2026-03-19
655,60,257,2026-03-05,2026-03-19,2026-03-22
656,24,81,2026-03-05,2026-03-19,2026-03-21
657,66,21,2026-03-05,2026-03-19,2026-03-17
658,14,9,2026-03-05,2026-03-19,2026-03-20
659,14,62,2026-03-05,2026-03-19,2026-03-17
660,74,118,2026-03-05,2026-03-19,2026-03-20
661,69,113,2026-03-06,2026-03-20,2026-03-21
662,1,161,2026-03-06,2026-03-20,2026-03-20
663,30,40,2026-03-06,2026-03-20,2026-03-17
664,44,233,2026-03-06,2026-03-20,2026-03-23
665,25,256,2026-03-06,2026-03-20,2026-03-20
666,71,135,2026-03-06,2026-03-20,2026-04-06
667,53,263,2026-03-07,2026-03-21,2026-03-22
668,15,93,2026-03-07,2026-03-21,2026-03-22
669,76,83,2026-03-07,2026-03-21,2026-03-24
670,67,259,2026-03-07,2026-03-21,2026-03-22
671,66,206,2026-03-07,2026-03-21,2026-03-24
672,5,262,2026-03-07,2026-03-21,2026-03-19
673,30,104,2026-03-07,2026-03-21,2026-03-19
674,79,130,2026-03-08,2026-03-22,2026-03-20
675,29,224,2026-03-08,2026-03-22,2026-03-22
676,9,136,2026-03-08,2026-03-22,2026-03-20
677,6,66,2026-03-08,2026-03-22,2026-03-19
678,53,74,2026-03-08,2026-03-22,2026-03-21
679,49,198,2026-03-08,2026-03-22,2026-03-22
680,48,41,2026-03-08,2026-03-22,2026-03-23
681,1,81,2026-03-08,2026-03-22,2026-03-25
682,37,48,2026-03-08,2026-03-22,2026-03-19
683,35,242,2026-03-08,2026-03-22,2026-03-23
684,47,69,2026-03-09,2026-03-23,2026-03-26
685,10,39,2026-03-09,2026-03-23,2026-04-18
686,70,277,2026-03-09,2026-03-23,2026-03-21
687,49,115,2026-03-09,2026-03-23,2026-03-24
688,69,217,2026-03-09,2026-03-23,2026-03-23
689,40,296,2026-03-09,2026-03-23,2026-03-25
690,57,194,2026-03-09,2026-03-23,2026-03-21
691,51,114,2026-03-09,2026-03-23,2026-03-22
692,39,45,2026-03-10,2026-03-24,2026-03-22
693,57,196,2026-03-10,2026-03-24,2026-03-27
694,19,153,2026-03-10,2026-03-24,2026-03-22
695,27,177,2026-03-10,2026-03-24,2026-03-25
696,9,129,2026-03-10,2026-03-24,2026-03-24
697,80,36,2026-03-10,2026-03-24,2026-03-25
698,77,279,2026-03-10,2026-03-24,2026-03-24
699,77,30,2026-03-10,2026-03-24,2026-03-24
700,44,60,2026-03-10,2026-03-24,2026-03-26
701,3,200,2026-03-11,2026-03-25,2026-03-24
702,46,112,2026-03-11,2026-03-25,2026-03-23
703,2,7,2026-03-11,2026-03-25,2026-04-22
704,41,220,2026-03-12,2026-03-26,2026-03-24
705,65,6,2026-03-12,2026-03-26,2026-03-26
706,30,22,2026-03-12,2026-03-26,2026-03-24
707,78,61,2026-03-12,2026-03-26,2026-03-24
708,14,80,2026-03-12,2026-03-26,2026-03-27
709,51,71,2026-03-12,2026-03-26,2026-03-29
710,51,208,2026-03-12,2026-03-26,2026-03-27
711,36,116,2026-03-12,2026-03-26,2026-03-27
712,80,162,2026-03-12,2026-03-26,2026-03-29
713,79,133,2026-03-12,2026-03-26,2026-03-26
714,24,256,2026-03-12,2026-03-26,2026-03-26
715,4,243,2026-03-13,2026-03-27,2026-03-25
716,29,149,2026-03-13,2026-03-27,2026-03-30
717,49,188,2026-03-13,2026-03-27,2026-03-24
718,1,47,2026-03-13,2026-03-27,2026-03-29
719,44,39,2026-03-13,2026-03-27,2026-03-25
720,30,247,2026-03-14,2026-03-28,2026-03-29
721,18,131,2026-03-14,2026-03-28,2026-03-29
722,33,97,2026-03-14,2026-03-28,2026-03-29
723,75,130,2026-03-14,2026-03-28,2026-03-28
724,71,286,2026-03-14,2026-03-28,2026-03-25
725,65,55,2026-03-14,2026-03-28,2026-03-30
726,46,265,2026-03-14,2026-03-28,2026-03-25
727,27,215,2026-03-14,2026-03-28,2026-03-28
728,49,101,2026-03-14,2026-03-28,2026-03-31
729,58,184,2026-03-15,2026-03-29,2026-03-26
730,21,92,2026-03-15,2026-03-29,2026-03-27
731,78,242,2026-03-15,2026-03-29,2026-04-01
732,21,52,2026-03-15,2026-03-29,2026-04-21
733,2,104,2026-03-15,2026-03-29,2026-03-27
734,24,293,2026-03-15,2026-03-29,2026-03-27
735,43,183,2026-03-16,2026-03-30,2026-03-27
736,58,169,2026-03-16,2026-03-30,2026-04-18
737,20,188,2026-03-16,2026-03-30,2026-03-30
738,59,24,2026-03-16,2026-03-30,2026-04-01
739,62,246,2026-03-16,2026-03-30,2026-03-30
740,79,20,2026-03-16,2026-03-30,2026-03-28
741,17,277,2026-03-16,2026-03-30,2026-03-30
742,30,43,2026-03-16,2026-03-30,2026-04-02
743,23,190,2026-03-16,2026-03-30,2026-03-30
744,15,133,2026-03-16,2026-03-30,2026-03-27
745,74,141,2026-03-16,2026-03-30,2026-03-27
746,24,262,2026-03-16,2026-03-30,2026-04-01
747,70,17,2026-03-16,2026-03-30,2026-03-27
748,12,204,2026-03-17,2026-03-31,2026-04-03
749,52,181,2026-03-17,2026-03-31,2026-04-01
750,18,226,2026-03-17,2026-03-31,2026-04-03
751,36,109,2026-03-17,2026-03-31,2026-04-02
752,54,190,2026-03-17,2026-03-31,2026-03-30
753,16,267,2026-03-17,2026-03-31,2026-03-28
754,30,87,2026-03-17,2026-03-31,2026-04-02
755,45,202,2026-03-17,2026-03-31,2026-03-28
756,72,73,2026-03-18,2026-04-01,2026-03-31
757,71,44,2026-03-18,2026-04-01,2026-03-29
758,14,90,2026-03-18,2026-04-01,2026-03-30
759,73,90,2026-03-18,2026-04-01,2026-04-03
760,72,248,2026-03-18,2026-04-01,2026-04-03
761,37,287,2026-03-18,2026-04-01,2026-03-30
762,10,258,2026-03-18,2026-04-01,2026-03-30
763,2,135,2026-03-18,2026-04-01,2026-04-03
764,23,244,2026-03-18,2026-04-01,2026-04-04
765,77,202,2026-03-19,2026-04-02,2026-04-04
766,52,109,2026-03-19,2026-04-02,2026-04-04
767,73,75,2026-03-19,2026-04-02,2026-04-01
768,10,265,2026-03-19,2026-04-02,2026-04-01
769,76,83,2026-03-19,2026-04-02,2026-04-02
770,74,51,2026-03-19,2026-04-02,2026-03-30
771,47,142,2026-03-19,2026-04-02,2026-04-02
772,26,266,2026-03-19,2026-04-02,2026-04-03
773,62,125,2026-03-19,2026-04-02,2026-04-02
774,13,167,2026-03-19,2026-04-02,2026-04-04
775,40,300,2026-03-20,2026-04-03,2026-04-02
776,66,136,2026-03-20,2026-04-03,2026-04-02
777,76,36,2026-03-20,2026-04-03,2026-04-05
778,13,91,2026-03-20,2026-04-03,2026-03-31
779,7,83,2026-03-20,2026-04-03,2026-04-03
780,5,197,2026-03-20,2026-04-03,2026-04-03
781,25,233,2026-03-20,2026-04-03,2026-04-02
782,1,278,2026-03-20,2026-04-03,2026-03-31
783,71,38,2026-03-21,2026-04-04,2026-04-03
784,78,42,2026-03-21,2026-04-04,2026-04-02
785,4,298,2026-03-21,2026-04-04,2026-04-07
786,53,12,2026-03-21,2026-04-04,2026-04-06
787,3,146,2026-03-21,2026-04-04,2026-04-27
788,16,274,2026-03-22,2026-04-05,2026-04-06
789,48,6,2026-03-22,2026-04-05,2026-04-05
790,73,28,2026-03-22,2026-04-05,2026-04-05
791,43,246,2026-03-22,2026-04-05,2026-04-02
792,31,85,2026-03-22,2026-04-05,2026-04-02
793,27,266,2026-03-22,2026-04-05,2026-04-22
794,30,213,2026-03-22,2026-04-05,2026-04-06
795,54,77,2026-03-22,2026-04-05,2026-04-05
796,51,105,2026-03-22,2026-04-05,2026-04-07
797,5,185,2026-03-22,2026-04-05,2026-04-04
798,59,15,2026-03-22,2026-04-05,2026-04-07
799,30,162,2026-03-22,2026-04-05,2026-04-08
800,27,195,2026-03-22,2026-04-05,2026-04-05
801,10,184,2026-03-23,2026-04-06,2026-04-04
802,67,141,2026-03-23,2026-04-06,2026-04-05
803,41,210,2026-03-23,2026-04-06,2026-04-05
804,48,187,2026-03-23,2026-04-06,2026-04-05
805,62,184,2026-03-24,2026-04-07,2026-04-10
806,26,121,2026-03-24,2026-04-07,2026-04-05
807,31,136,2026-03-24,2026-04-07,2026-04-07
808,75,24,2026-03-25,2026-04-08,2026-04-09
809,40,250,2026-03-25,2026-04-08,2026-04-10
810,66,72,2026-03-25,2026-04-08,2026-04-06
811,16,48,2026-03-25,2026-04-08,2026-04-11
812,44,235,2026-03-25,2026-04-08,2026-04-10
813,74,66,2026-03-25,2026-04-08,2026-04-06
814,62,4,2026-03-26,2026-04-09,2026-04-06
815,43,59,2026-03-26,2026-04-09,2026-04-10
816,75,94,2026-03-26,2026-04-09,2026-04-08
817,49,180,2026-03-26,2026-04-09,2026-04-07
818,44,282,2026-03-26,2026-04-09,2026-04-06
819,66,132,2026-03-26,2026-04-09,2026-04-08
820,31,285,2026-03-26,2026-04-09,2026-04-09
821,36,72,2026-03-27,2026-04-10,2026-04-08
822,34,297,2026-03-27,2026-04-10,2026-04-07
823,45,250,2026-03-27,2026-04-10,2026-04-10
824,1,221,2026-03-27,2026-04-10,2026-04-13
825,19,242,2026-03-27,2026-04-10,2026-04-10
826,32,183,2026-03-27,2026-04-10,2026-04-08
827,13,139,2026-03-27,2026-04-10,2026-05-07
828,71,237,2026-03-28,2026-04-11,2026-04-10
829,62,88,2026-03-28,2026-04-11,2026-04-10
830,6,272,2026-03-28,2026-04-11,2026-04-10
831,16,118,2026-03-28,2026-04-11,2026-04-14
832,67,147,2026-03-28,2026-04-11,2026-04-12
833,23,235,2026-03-28,2026-04-11,2026-04-14
834,52,144,2026-03-28,2026-04-11,2026-04-11
835,25,163,2026-03-29,2026-04-12,2026-04-09
836,69,101,2026-03-29,2026-04-12,2026-04-09
837,3,260,2026-03-29,2026-04-12,2026-04-13
838,74,76,2026-03-29,2026-04-12,2026-04-09
839,69,258,2026-03-29,2026-04-12,2026-04-15
840,69,295,2026-03-29,2026-04-12,2026-04-11
841,74,138,2026-03-29,2026-04-12,2026-04-09
842,65,55,2026-03-30,2026-04-13,2026-04-11
843,5,283,2026-03-30,2026-04-13,2026-04-11
844,47,199,2026-03-30,2026-04-13,2026-04-16
845,24,265,2026-03-30,2026-04-13,2026-04-10
846,77,223,2026-03-30,2026-04-13,2026-04-16
847,52,267,2026-03-30,2026-04-13,2026-04-15
848,75,179,2026-03-30,2026-04-13,2026-04-14
849,52,295,2026-03-30,2026-04-13,2026-04-13
850,11,253,2026-03-30,2026-04-13,2026-04-14
851,52,289,2026-03-31,2026-04-14,2026-04-11
852,11,111,2026-03-31,2026-04-14,2026-04-13
853,23,254,2026-03-31,2026-04-14,2026-04-16
854,6,247,2026-03-31,2026-04-14,2026-04-13
855,79,176,2026-03-31,2026-04-14,2026-04-11
856,23,216,2026-04-01,2026-04-15,2026-04-14
857,17,121,2026-04-01,2026-04-15,2026-04-15
858,1,268,2026-04-01,2026-04-15,2026-04-12
859,56,150,2026-04-01,2026-04-15,2026-04-15
860,24,53,2026-04-01,2026-04-15,2026-04-15
861,65,195,2026-04-01,2026-04-15,2026-04-14
862,46,167,2026-04-02,2026-04-16,2026-04-18
863,35,201,2026-04-02,2026-04-16,2026-04-16
864,75,244,2026-04-02,2026-04-16,2026-04-16
865,63,225,2026-04-02,2026-04-16,2026-04-17
866,47,114,2026-04-02,2026-04-16,2026-04-14
867,79,137,2026-04-02,2026-04-16,2026-04-16
868,49,147,2026-04-03,2026-04-17,2026-04-18
869,50,159,2026-04-03,2026-04-17,2026-04-14
870,20,8,2026-04-03,2026-04-17,2026-04-18
871,70,241,2026-04-03,2026-04-17,2026-04-14
872,32,81,2026-04-03,2026-04-17,2026-05-17
873,68,80,2026-04-03,2026-04-17,2026-04-17
874,69,199,2026-04-03,2026-04-17,2026-04-17
875,6,67,2026-04-03,2026-04-17,2026-04-20
876,21,31,2026-04-04,2026-04-18,2026-04-16
877,9,243,2026-04-04,2026-04-18,2026-04-18
878,34,80,2026-04-04,2026-04-18,2026-04-18
879,59,232,2026-04-04,2026-04-18,2026-05-07
880,31,223,2026-04-04,2026-04-18,2026-04-17
881,17,250,2026-04-04,2026-04-18,2026-04-20
882,13,268,2026-04-04,2026-04-18,2026-04-15
883,63,99,2026-04-04,2026-04-18,2026-04-16
884,5,293,2026-04-04,2026-04-18,2026-04-20
885,74,184,2026-04-04,2026-04-18,2026-04-18
886,20,243,2026-04-05,2026-04-19,2026-04-21
887,70,91,2026-04-05,2026-04-19,2026-04-19
888,45,147,2026-04-05,2026-04-19,2026-04-21
889,7,274,2026-04-05,2026-04-19,2026-04-16
890,44,117,2026-04-06,2026-04-20,2026-04-19
891,51,53,2026-04-06,2026-04-20,2026-04-17
892,18,149,2026-04-06,2026-04-20,2026-04-19
893,25,129,2026-04-06,2026-04-20,2026-04-21
894,70,179,2026-04-06,2026-04-20,2026-04-19
895,3,187,2026-04-06,2026-04-20,2026-04-20
896,5,104,2026-04-06,2026-04-20,2026-04-23
897,24,282,2026-04-06,2026-04-20,2026-04-21
898,33,244,2026-04-07,2026-04-21,2026-04-18
899,42,10,2026-04-07,2026-04-21,
900,61,200,2026-04-07,2026-04-21,
901,3,194,2026-04-07,2026-04-21,
902,68,255,2026-04-07,2026-04-21,
903,63,41,2026-04-07,2026-04-21,
904,25,270,2026-04-07,2026-04-21,
905,32,146,2026-04-08,2026-04-22,
906,12,227,2026-04-08,2026-04-22,
907,34,41,2026-04-08,2026-04-22,
908,50,227,2026-04-08,2026-04-22,
909,5,102,2026-04-08,2026-04-22,2026-04-25
910,41,286,2026-04-08,2026-04-22,
911,69,198,2026-04-08,2026-04-22,
912,73,92,2026-04-08,2026-04-22,
913,45,11,2026-04-09,2026-04-23,
914,78,203,2026-04-09,2026-04-23,
915,57,186,2026-04-09,2026-04-23,
916,11,108,2026-04-09,2026-04-23,
917,71,228,2026-04-09,2026-04-23,
918,20,156,2026-04-09,2026-04-23,
919,80,252,2026-04-09,2026-04-23,
920,75,62,2026-04-09,2026-04-23,
921,33,288,2026-04-10,2026-04-24,
922,46,167,2026-04-10,2026-04-24,
923,47,212,2026-04-10,2026-04-24,
924,35,65,2026-04-10,2026-04-24,
925,42,82,2026-04-10,2026-04-24,
926,10,111,2026-04-10,2026-04-24,
927,34,185,2026-04-11,2026-04-25,
928,41,150,2026-04-11,2026-04-25,
929,11,75,2026-04-11,2026-04-25,
930,2,86,2026-04-11,2026-04-25,
931,60,141,2026-04-11,2026-04-25,
932,53,165,2026-04-11,2026-04-25,
933,72,286,2026-04-12,2026-04-26,
934,62,277,2026-04-12,2026-04-26,
935,60,17,2026-04-12,2026-04-26,
936,7,112,2026-04-12,2026-04-26,
937,20,275,2026-04-12,2026-04-26,
938,18,129,2026-04-12,2026-04-26,
939,10,41,2026-04-13,2026-04-27,
940,68,43,2026-04-13,2026-04-27,
941,32,84,2026-04-13,2026-04-27,
942,2,63,2026-04-13,2026-04-27,
943,32,5,2026-04-13,2026-04-27,
944,16,180,2026-04-14,2026-04-28,
945,22,95,2026-04-14,2026-04-28,
946,72,224,2026-04-14,2026-04-28,
947,31,265,2026-04-14,2026-04-28,2026-04-28
948,25,36,2026-04-14,2026-04-28,
949,40,256,2026-04-14,2026-04-28,
950,19,86,2026-04-15,2026-04-29,
951,17,68,2026-04-15,2026-04-29,
952,2,120,2026-04-15,2026-04-29,
953,13,267,2026-04-15,2026-04-29,
954,38,135,2026-04-15,2026-04-29,
955,8,185,2026-04-15,2026-04-29,
956,55,54,2026-04-15,2026-04-29,
957,18,265,2026-04-16,2026-04-30,
958,60,277,2026-04-16,2026-04-30,
959,69,5,2026-04-16,2026-04-30,
960,62,154,2026-04-16,2026-04-30,
961,28,176,2026-04-16,2026-04-30,
962,39,102,2026-04-16,2026-04-30,
963,12,174,2026-04-16,2026-04-30,
964,25,291,2026-04-16,2026-04-30,
965,63,229,2026-04-17,2026-05-01,
966,22,15,2026-04-17,2026-05-01,
967,69,159,2026-04-17,2026-05-01,
968,16,130,2026-04-17,2026-05-01,
969,80,132,2026-04-17,2026-05-01,
970,6,37,2026-04-17,2026-05-01,
971,13,52,2026-04-17,2026-05-01,
972,41,250,2026-04-18,2026-05-02,
973,7,14,2026-04-18,2026-05-02,
974,48,97,2026-04-18,2026-05-02,
975,38,278,2026-04-18,2026-05-02,
976,47,233,2026-04-18,2026-05-02,
977,20,145,2026-04-18,2026-05-02,
978,54,189,2026-04-18,2026-05-02,
979,72,213,2026-04-18,2026-05-02,
980,7,204,2026-04-19,2026-05-03,
981,69,90,2026-04-19,2026-05-03,
982,67,231,2026-04-19,2026-05-03,
983,77,234,2026-04-19,2026-05-03,
984,26,296,2026-04-20,2026-05-04,
985,30,4,2026-04-20,2026-05-04,
986,35,146,2026-04-20,2026-05-04,
987,20,191,2026-04-20,2026-05-04,
988,71,83,2026-04-20,2026-05-04,
989,31,165,2026-04-20,2026-05-04,
990,10,7,2026-04-20,2026-05-04,
991,13,231,2026-04-21,2026-05-05,
992,44,216,2026-04-21,2026-05-05,
993,79,293,2026-04-21,2026-05-05,
994,73,223,2026-04-21,2026-05-05,
995,50,194,2026-04-21,2026-05-05,
996,69,138,2026-04-21,2026-05-05,
997,6,282,2026-04-21,2026-05-05,
998,8,31,2026-04-21,2026-05-05,
999,45,225,2026-04-21,2026-05-05,
1000,50,251,2026-04-21,2026-05-05,
